ds,y
1901/1/1,-103.4
1901/2/1,-103.44
1901/3/1,-103.19
1901/4/1,-102.71
1901/5/1,-102.18
1901/6/1,-101.78
1901/7/1,-101.58
1901/8/1,-101.53
1901/9/1,-101.54
1901/10/1,-101.55
1901/11/1,-101.61
1901/12/1,-101.82
1902/1/1,-102.26
1902/2/1,-102.93
1902/3/1,-103.76
1902/4/1,-104.61
1902/5/1,-105.36
1902/6/1,-105.9
1902/7/1,-106.19
1902/8/1,-106.28
1902/9/1,-106.27
1902/10/1,-106.04
1902/11/1,-105.51
1902/12/1,-104.52
1903/1/1,-103.34
1903/2/1,-102.26
1903/3/1,-101.77
1903/4/1,-102
1903/5/1,-102.95
1903/6/1,-104.36
1903/7/1,-105.96
1903/8/1,-107.5
1903/9/1,-108.78
1903/10/1,-109.72
1903/11/1,-110.3
1903/12/1,-110.64
1904/1/1,-110.83
1904/2/1,-110.96
1904/3/1,-111.09
1904/4/1,-111.29
1904/5/1,-111.68
1904/6/1,-112.35
1904/7/1,-113.31
1904/8/1,-114.4
1904/9/1,-115.37
1904/10/1,-115.94
1904/11/1,-115.85
1904/12/1,-115.04
1905/1/1,-113.69
1905/2/1,-112.3
1905/3/1,-111.33
1905/4/1,-111.12
1905/5/1,-111.64
1905/6/1,-112.67
1905/7/1,-113.82
1905/8/1,-114.78
1905/9/1,-115.4
1905/10/1,-115.76
1905/11/1,-116
1905/12/1,-116.26
1906/1/1,-116.57
1906/2/1,-116.9
1906/3/1,-117.13
1906/4/1,-117.23
1906/5/1,-117.21
1906/6/1,-117.18
1906/7/1,-117.26
1906/8/1,-117.53
1906/9/1,-117.99
1906/10/1,-118.64
1906/11/1,-119.38
1906/12/1,-120.15
1907/1/1,-120.82
1907/2/1,-121.35
1907/3/1,-121.73
1907/4/1,-121.95
1907/5/1,-122.02
1907/6/1,-121.95
1907/7/1,-121.77
1907/8/1,-121.54
1907/9/1,-121.32
1907/10/1,-121.16
1907/11/1,-121.06
1907/12/1,-121.02
1908/1/1,-121
1908/2/1,-121.01
1908/3/1,-121.09
1908/4/1,-121.27
1908/5/1,-121.59
1908/6/1,-121.98
1908/7/1,-122.35
1908/8/1,-122.61
1908/9/1,-122.73
1908/10/1,-122.76
1908/11/1,-122.84
1908/12/1,-123.06
1909/1/1,-123.46
1909/2/1,-123.95
1909/3/1,-124.45
1909/4/1,-124.87
1909/5/1,-125.19
1909/6/1,-125.44
1909/7/1,-125.71
1909/8/1,-126.06
1909/9/1,-126.49
1909/10/1,-126.85
1909/11/1,-126.99
1909/12/1,-126.8
1910/1/1,-126.43
1910/2/1,-126.05
1910/3/1,-125.79
1910/4/1,-125.46
1910/5/1,-124.93
1910/6/1,-124.06
1910/7/1,-123.12
1910/8/1,-122.31
1910/9/1,-121.97
1910/10/1,-122.26
1910/11/1,-123.21
1910/12/1,-124.63
1911/1/1,-126.27
1911/2/1,-127.86
1911/3/1,-129.17
1911/4/1,-130.07
1911/5/1,-130.53
1911/6/1,-130.58
1911/7/1,-130.35
1911/8/1,-129.99
1911/9/1,-129.67
1911/10/1,-129.53
1911/11/1,-129.62
1911/12/1,-129.9
1912/1/1,-130.29
1912/2/1,-130.65
1912/3/1,-130.86
1912/4/1,-130.89
1912/5/1,-130.84
1912/6/1,-130.94
1912/7/1,-131.33
1912/8/1,-132.1
1912/9/1,-133.1
1912/10/1,-134.18
1912/11/1,-135.17
1912/12/1,-135.96
1913/1/1,-136.54
1913/2/1,-136.94
1913/3/1,-137.19
1913/4/1,-137.33
1913/5/1,-137.3
1913/6/1,-137.07
1913/7/1,-136.55
1913/8/1,-135.81
1913/9/1,-134.98
1913/10/1,-134.38
1913/11/1,-134.14
1913/12/1,-134.31
1914/1/1,-134.72
1914/2/1,-135.26
1914/3/1,-135.88
1914/4/1,-136.6
1914/5/1,-137.36
1914/6/1,-138.01
1914/7/1,-138.29
1914/8/1,-138.16
1914/9/1,-137.77
1914/10/1,-137.49
1914/11/1,-137.55
1914/12/1,-138.01
1915/1/1,-138.69
1915/2/1,-139.42
1915/3/1,-140.07
1915/4/1,-140.57
1915/5/1,-140.87
1915/6/1,-140.88
1915/7/1,-140.63
1915/8/1,-140.19
1915/9/1,-139.71
1915/10/1,-139.28
1915/11/1,-138.93
1915/12/1,-138.65
1916/1/1,-138.53
1916/2/1,-138.67
1916/3/1,-139.16
1916/4/1,-139.93
1916/5/1,-140.84
1916/6/1,-141.67
1916/7/1,-142.36
1916/8/1,-142.88
1916/9/1,-143.26
1916/10/1,-143.34
1916/11/1,-143.06
1916/12/1,-142.39
1917/1/1,-141.6
1917/2/1,-140.94
1917/3/1,-140.67
1917/4/1,-140.87
1917/5/1,-141.52
1917/6/1,-142.5
1917/7/1,-143.71
1917/8/1,-145.04
1917/9/1,-146.29
1917/10/1,-147.11
1917/11/1,-147.18
1917/12/1,-146.32
1918/1/1,-144.77
1918/2/1,-142.92
1918/3/1,-141.32
1918/4/1,-140.25
1918/5/1,-139.91
1918/6/1,-140.21
1918/7/1,-141.04
1918/8/1,-142.11
1918/9/1,-143.25
1918/10/1,-144.36
1918/11/1,-145.43
1918/12/1,-146.36
1919/1/1,-147.06
1919/2/1,-147.4
1919/3/1,-147.44
1919/4/1,-147.29
1919/5/1,-147.16
1919/6/1,-147.15
1919/7/1,-147.22
1919/8/1,-147.16
1919/9/1,-146.8
1919/10/1,-146.09
1919/11/1,-145.17
1919/12/1,-144.24
1920/1/1,-143.52
1920/2/1,-143.11
1920/3/1,-143.03
1920/4/1,-143.19
1920/5/1,-143.55
1920/6/1,-144.06
1920/7/1,-144.74
1920/8/1,-145.54
1920/9/1,-146.46
1920/10/1,-147.52
1920/11/1,-148.7
1920/12/1,-150.01
1921/1/1,-151.4
1921/2/1,-152.82
1921/3/1,-154.14
1921/4/1,-155.25
1921/5/1,-156.07
1921/6/1,-156.6
1921/7/1,-156.88
1921/8/1,-156.96
1921/9/1,-156.96
1921/10/1,-156.96
1921/11/1,-157.01
1921/12/1,-157.03
1922/1/1,-156.96
1922/2/1,-156.7
1922/3/1,-156.31
1922/4/1,-155.79
1922/5/1,-155.19
1922/6/1,-154.52
1922/7/1,-153.93
1922/8/1,-153.54
1922/9/1,-153.5
1922/10/1,-153.67
1922/11/1,-153.94
1922/12/1,-154.11
1923/1/1,-154.25
1923/2/1,-154.5
1923/3/1,-155.07
1923/4/1,-155.97
1923/5/1,-157.07
1923/6/1,-158.1
1923/7/1,-158.88
1923/8/1,-159.42
1923/9/1,-159.84
1923/10/1,-160.2
1923/11/1,-160.39
1923/12/1,-160.29
1924/1/1,-159.84
1924/2/1,-159.22
1924/3/1,-158.64
1924/4/1,-158.29
1924/5/1,-158.22
1924/6/1,-158.36
1924/7/1,-158.49
1924/8/1,-158.36
1924/9/1,-157.83
1924/10/1,-156.89
1924/11/1,-155.69
1924/12/1,-154.44
1925/1/1,-153.44
1925/2/1,-152.85
1925/3/1,-152.89
1925/4/1,-153.57
1925/5/1,-154.95
1925/6/1,-156.78
1925/7/1,-158.8
1925/8/1,-160.69
1925/9/1,-162.29
1925/10/1,-163.5
1925/11/1,-164.27
1925/12/1,-164.61
1926/1/1,-164.53
1926/2/1,-164.04
1926/3/1,-163.2
1926/4/1,-162.13
1926/5/1,-161.13
1926/6/1,-160.51
1926/7/1,-160.68
1926/8/1,-161.67
1926/9/1,-163.34
1926/10/1,-165.02
1926/11/1,-166.14
1926/12/1,-166.03
1927/1/1,-164.54
1927/2/1,-161.85
1927/3/1,-158.73
1927/4/1,-156.25
1927/5/1,-155.19
1927/6/1,-155.84
1927/7/1,-157.8
1927/8/1,-160.57
1927/9/1,-163.54
1927/10/1,-166.29
1927/11/1,-168.6
1927/12/1,-170.48
1928/1/1,-172
1928/2/1,-173.26
1928/3/1,-174.33
1928/4/1,-175.17
1928/5/1,-175.71
1928/6/1,-175.78
1928/7/1,-175.35
1928/8/1,-174.4
1928/9/1,-173.2
1928/10/1,-171.94
1928/11/1,-170.9
1928/12/1,-170.12
1929/1/1,-169.6
1929/2/1,-169.18
1929/3/1,-168.77
1929/4/1,-168.34
1929/5/1,-167.94
1929/6/1,-167.63
1929/7/1,-167.4
1929/8/1,-167.18
1929/9/1,-166.84
1929/10/1,-166.43
1929/11/1,-166.14
1929/12/1,-166.18
1930/1/1,-166.61
1930/2/1,-167.35
1930/3/1,-168.21
1930/4/1,-168.98
1930/5/1,-169.47
1930/6/1,-169.59
1930/7/1,-169.41
1930/8/1,-169.1
1930/9/1,-168.92
1930/10/1,-169.04
1930/11/1,-169.52
1930/12/1,-170.26
1931/1/1,-171.06
1931/2/1,-171.75
1931/3/1,-172.19
1931/4/1,-172.35
1931/5/1,-172.27
1931/6/1,-172.06
1931/7/1,-171.69
1931/8/1,-170.9
1931/9/1,-169.08
1931/10/1,-165.78
1931/11/1,-160.77
1931/12/1,-154.69
1932/1/1,-148.32
1932/2/1,-143
1932/3/1,-139.55
1932/4/1,-138.46
1932/5/1,-139.32
1932/6/1,-141.39
1932/7/1,-143.9
1932/8/1,-146.25
1932/9/1,-148.15
1932/10/1,-149.17
1932/11/1,-148.92
1932/12/1,-147.08
1933/1/1,-143.81
1933/2/1,-139.59
1933/3/1,-134.94
1933/4/1,-130.23
1933/5/1,-125.7
1933/6/1,-121.5
1933/7/1,-117.88
1933/8/1,-115.05
1933/9/1,-113.16
1933/10/1,-112.27
1933/11/1,-112.21
1933/12/1,-112.81
1934/1/1,-113.79
1934/2/1,-114.99
1934/3/1,-116.29
1934/4/1,-117.74
1934/5/1,-119.33
1934/6/1,-121.01
1934/7/1,-122.66
1934/8/1,-124.23
1934/9/1,-125.72
1934/10/1,-127.13
1934/11/1,-128.39
1934/12/1,-129.41
1935/1/1,-130.14
1935/2/1,-130.66
1935/3/1,-131.22
1935/4/1,-132.07
1935/5/1,-133.52
1935/6/1,-135.56
1935/7/1,-138.24
1935/8/1,-141.33
1935/9/1,-144.76
1935/10/1,-148.29
1935/11/1,-151.82
1935/12/1,-155.2
1936/1/1,-158.41
1936/2/1,-161.42
1936/3/1,-164.2
1936/4/1,-166.61
1936/5/1,-168.55
1936/6/1,-169.96
1936/7/1,-170.9
1936/8/1,-171.48
1936/9/1,-171.89
1936/10/1,-172.25
1936/11/1,-172.53
1936/12/1,-172.46
1937/1/1,-171.74
1937/2/1,-170.16
1937/3/1,-167.84
1937/4/1,-165.05
1937/5/1,-162.32
1937/6/1,-160.04
1937/7/1,-158.42
1937/8/1,-157.31
1937/9/1,-156.4
1937/10/1,-155.34
1937/11/1,-153.99
1937/12/1,-152.38
1938/1/1,-150.72
1938/2/1,-149.25
1938/3/1,-148.15
1938/4/1,-147.45
1938/5/1,-147.08
1938/6/1,-147.01
1938/7/1,-147.25
1938/8/1,-147.84
1938/9/1,-148.72
1938/10/1,-149.74
1938/11/1,-150.64
1938/12/1,-151.27
1939/1/1,-151.52
1939/2/1,-151.47
1939/3/1,-151.13
1939/4/1,-150.54
1939/5/1,-149.65
1939/6/1,-148.66
1939/7/1,-147.99
1939/8/1,-148.66
1939/9/1,-151.4
1939/10/1,-156.76
1939/11/1,-164.17
1939/12/1,-172.82
1940/1/1,-181.47
1940/2/1,-189.29
1940/3/1,-195.97
1940/4/1,-201.67
1940/5/1,-206.86
1940/6/1,-211.5
1940/7/1,-215.3
1940/8/1,-217.51
1940/9/1,-217.4
1940/10/1,-214.41
1940/11/1,-208.7
1940/12/1,-201.39
1941/1/1,-194.07
1941/2/1,-188.33
1941/3/1,-184.95
1941/4/1,-184.26
1941/5/1,-185.87
1941/6/1,-189.27
1941/7/1,-193.47
1941/8/1,-197.64
1941/9/1,-201.15
1941/10/1,-203.9
1941/11/1,-206.03
1941/12/1,-207.76
1942/1/1,-209.11
1942/2/1,-209.92
1942/3/1,-209.81
1942/4/1,-208.53
1942/5/1,-205.93
1942/6/1,-202.26
1942/7/1,-197.66
1942/8/1,-192.45
1942/9/1,-186.71
1942/10/1,-180.7
1942/11/1,-174.64
1942/12/1,-168.81
1943/1/1,-163.48
1943/2/1,-158.79
1943/3/1,-154.75
1943/4/1,-151.27
1943/5/1,-148.2
1943/6/1,-145.44
1943/7/1,-142.9
1943/8/1,-140.53
1943/9/1,-138.36
1943/10/1,-136.41
1943/11/1,-134.72
1943/12/1,-133.28
1944/1/1,-132.1
1944/2/1,-131.33
1944/3/1,-131.01
1944/4/1,-131.17
1944/5/1,-131.57
1944/6/1,-132
1944/7/1,-132.17
1944/8/1,-131.95
1944/9/1,-131.25
1944/10/1,-130.15
1944/11/1,-128.72
1944/12/1,-127.06
1945/1/1,-125.24
1945/2/1,-123.24
1945/3/1,-121.04
1945/4/1,-118.62
1945/5/1,-116.06
1945/6/1,-113.56
1945/7/1,-111.4
1945/8/1,-109.82
1945/9/1,-109.03
1945/10/1,-109.15
1945/11/1,-110.38
1945/12/1,-112.72
1946/1/1,-116.26
1946/2/1,-120.83
1946/3/1,-126.26
1946/4/1,-132.06
1946/5/1,-137.51
1946/6/1,-141.94
1946/7/1,-145.06
1946/8/1,-147.28
1946/9/1,-149.21
1946/10/1,-151.52
1946/11/1,-154.35
1946/12/1,-157.6
1947/1/1,-160.8
1947/2/1,-163.56
1947/3/1,-165.58
1947/4/1,-166.72
1947/5/1,-167.03
1947/6/1,-166.55
1947/7/1,-165.47
1947/8/1,-163.85
1947/9/1,-161.98
1947/10/1,-160.08
1947/11/1,-158.52
1947/12/1,-157.44
1948/1/1,-156.77
1948/2/1,-156.2
1948/3/1,-155.41
1948/4/1,-154.52
1948/5/1,-153.7
1948/6/1,-153.31
1948/7/1,-153.08
1948/8/1,-152.7
1948/9/1,-151.81
1948/10/1,-150.58
1948/11/1,-149.6
1948/12/1,-149.38
1949/1/1,-150.28
1949/2/1,-152.19
1949/3/1,-154.97
1949/4/1,-158.24
1949/5/1,-161.52
1949/6/1,-164.28
1949/7/1,-166.2
1949/8/1,-167.25
1949/9/1,-167.61
1949/10/1,-167.38
1949/11/1,-166.64
1949/12/1,-165.24
1950/1/1,-162.98
1950/2/1,-159.64
1950/3/1,-155
1950/4/1,-149.42
1950/5/1,-143.55
1950/6/1,-138.66
1950/7/1,-135.63
1950/8/1,-134.74
1950/9/1,-135.53
1950/10/1,-137.12
1950/11/1,-138.79
1950/12/1,-140.02
1951/1/1,-140.72
1951/2/1,-141.11
1951/3/1,-141.66
1951/4/1,-142.78
1951/5/1,-144.73
1951/6/1,-147.35
1951/7/1,-150.38
1951/8/1,-153.3
1951/9/1,-155.38
1951/10/1,-155.66
1951/11/1,-153.39
1951/12/1,-148.32
1952/1/1,-141.14
1952/2/1,-132.85
1952/3/1,-124.77
1952/4/1,-117.8
1952/5/1,-112.54
1952/6/1,-108.98
1952/7/1,-106.8
1952/8/1,-105.59
1952/9/1,-105.02
1952/10/1,-104.95
1952/11/1,-105.4
1952/12/1,-106.71
1953/1/1,-109.18
1953/2/1,-113.09
1953/3/1,-117.94
1953/4/1,-122.94
1953/5/1,-126.94
1953/6/1,-129.11
1953/7/1,-129.13
1953/8/1,-127.25
1953/9/1,-124.22
1953/10/1,-120.8
1953/11/1,-117.58
1953/12/1,-114.81
1954/1/1,-112.53
1954/2/1,-110.66
1954/3/1,-109.13
1954/4/1,-107.88
1954/5/1,-106.9
1954/6/1,-106.15
1954/7/1,-105.64
1954/8/1,-105.27
1954/9/1,-104.98
1954/10/1,-104.7
1954/11/1,-104.5
1954/12/1,-104.4
1955/1/1,-104.4
1955/2/1,-104.34
1955/3/1,-104.13
1955/4/1,-103.64
1955/5/1,-102.93
1955/6/1,-102.06
1955/7/1,-101.2
1955/8/1,-100.56
1955/9/1,-100.27
1955/10/1,-100.42
1955/11/1,-100.97
1955/12/1,-101.84
1956/1/1,-102.71
1956/2/1,-103.22
1956/3/1,-103.05
1956/4/1,-102.29
1956/5/1,-101.39
1956/6/1,-100.93
1956/7/1,-101.24
1956/8/1,-102.29
1956/9/1,-103.88
1956/10/1,-105.93
1956/11/1,-108.68
1956/12/1,-112.52
1957/1/1,-117.83
1957/2/1,-124.57
1957/3/1,-132.36
1957/4/1,-140.34
1957/5/1,-147.71
1957/6/1,-153.69
1957/7/1,-157.81
1957/8/1,-159.9
1957/9/1,-160.11
1957/10/1,-158.99
1957/11/1,-157.24
1957/12/1,-155.77
1958/1/1,-155.32
1958/2/1,-156.26
1958/3/1,-158.38
1958/4/1,-160.97
1958/5/1,-163.29
1958/6/1,-164.65
1958/7/1,-164.87
1958/8/1,-163.83
1958/9/1,-161.58
1958/10/1,-158.04
1958/11/1,-153.33
1958/12/1,-147.79
1959/1/1,-142.04
1959/2/1,-136.57
1959/3/1,-131.74
1959/4/1,-127.68
1959/5/1,-124.43
1959/6/1,-121.88
1959/7/1,-119.81
1959/8/1,-118.03
1959/9/1,-116.45
1959/10/1,-115.16
1959/11/1,-114.36
1959/12/1,-114.25
1960/1/1,-114.86
1960/2/1,-116.17
1960/3/1,-118.13
1960/4/1,-120.82
1960/5/1,-124.14
1960/6/1,-127.84
1960/7/1,-131.49
1960/8/1,-134.73
1960/9/1,-137.37
1960/10/1,-139.37
1960/11/1,-140.85
1960/12/1,-142
1961/1/1,-142.99
1961/2/1,-143.91
1961/3/1,-144.6
1961/4/1,-144.82
1961/5/1,-144.2
1961/6/1,-142.71
1961/7/1,-140.52
1961/8/1,-138.17
1961/9/1,-136.13
1961/10/1,-134.71
1961/11/1,-133.99
1961/12/1,-133.78
1962/1/1,-133.9
1962/2/1,-134.08
1962/3/1,-134.23
1962/4/1,-134.24
1962/5/1,-134.11
1962/6/1,-133.83
1962/7/1,-133.4
1962/8/1,-132.75
1962/9/1,-131.76
1962/10/1,-130.34
1962/11/1,-128.57
1962/12/1,-126.63
1963/1/1,-124.67
1963/2/1,-122.71
1963/3/1,-120.69
1963/4/1,-118.63
1963/5/1,-116.68
1963/6/1,-115.04
1963/7/1,-113.92
1963/8/1,-113.35
1963/9/1,-113.32
1963/10/1,-113.79
1963/11/1,-114.86
1963/12/1,-116.66
1964/1/1,-119.32
1964/2/1,-122.65
1964/3/1,-126.4
1964/4/1,-129.92
1964/5/1,-132.52
1964/6/1,-133.43
1964/7/1,-132.51
1964/8/1,-130.01
1964/9/1,-126.76
1964/10/1,-123.39
1964/11/1,-120.42
1964/12/1,-117.92
1965/1/1,-115.85
1965/2/1,-114.09
1965/3/1,-112.56
1965/4/1,-111.31
1965/5/1,-110.37
1965/6/1,-109.77
1965/7/1,-109.47
1965/8/1,-109.38
1965/9/1,-109.4
1965/10/1,-109.37
1965/11/1,-109.18
1965/12/1,-108.78
1966/1/1,-108.22
1966/2/1,-107.69
1966/3/1,-107.34
1966/4/1,-107.24
1966/5/1,-107.32
1966/6/1,-107.45
1966/7/1,-107.57
1966/8/1,-107.67
1966/9/1,-107.82
1966/10/1,-108
1966/11/1,-108.16
1966/12/1,-108.19
1967/1/1,-108.08
1967/2/1,-107.92
1967/3/1,-107.86
1967/4/1,-108.05
1967/5/1,-108.51
1967/6/1,-109.21
1967/7/1,-110.01
1967/8/1,-110.87
1967/9/1,-111.78
1967/10/1,-112.73
1967/11/1,-113.58
1967/12/1,-114.21
1968/1/1,-114.54
1968/2/1,-114.61
1968/3/1,-114.57
1968/4/1,-114.6
1968/5/1,-114.87
1968/6/1,-115.37
1968/7/1,-116.02
1968/8/1,-116.68
1968/9/1,-117.36
1968/10/1,-118.08
1968/11/1,-118.89
1968/12/1,-119.64
1969/1/1,-120.25
1969/2/1,-120.76
1969/3/1,-121.6
1969/4/1,-123.14
1969/5/1,-125.68
1969/6/1,-129.07
1969/7/1,-132.93
1969/8/1,-136.57
1969/9/1,-139.45
1969/10/1,-141.27
1969/11/1,-142.16
1969/12/1,-142.43
1970/1/1,-142.38
1970/2/1,-142.21
1970/3/1,-142.04
1970/4/1,-142.01
1970/5/1,-142.23
1970/6/1,-142.78
1970/7/1,-143.64
1970/8/1,-144.74
1970/9/1,-145.86
1970/10/1,-146.88
1970/11/1,-147.68
1970/12/1,-148.33
1971/1/1,-148.86
1971/2/1,-149.29
1971/3/1,-149.64
1971/4/1,-149.83
1971/5/1,-149.79
1971/6/1,-149.24
1971/7/1,-148.12
1971/8/1,-146.26
1971/9/1,-143.79
1971/10/1,-140.78
1971/11/1,-137.51
1971/12/1,-134.21
1972/1/1,-131.09
1972/2/1,-128.25
1972/3/1,-125.67
1972/4/1,-123.35
1972/5/1,-121.35
1972/6/1,-119.74
1972/7/1,-118.56
1972/8/1,-117.75
1972/9/1,-117.25
1972/10/1,-116.98
1972/11/1,-116.94
1972/12/1,-117.14
1973/1/1,-117.57
1973/2/1,-118.13
1973/3/1,-118.53
1973/4/1,-118.53
1973/5/1,-117.85
1973/6/1,-116.64
1973/7/1,-115.12
1973/8/1,-113.84
1973/9/1,-113.03
1973/10/1,-112.8
1973/11/1,-112.91
1973/12/1,-113.22
1974/1/1,-113.6
1974/2/1,-114.03
1974/3/1,-114.5
1974/4/1,-115.02
1974/5/1,-115.48
1974/6/1,-115.79
1974/7/1,-115.81
1974/8/1,-115.51
1974/9/1,-114.89
1974/10/1,-114.13
1974/11/1,-113.35
1974/12/1,-112.74
1975/1/1,-112.34
1975/2/1,-112.15
1975/3/1,-112.03
1975/4/1,-111.92
1975/5/1,-111.76
1975/6/1,-111.59
1975/7/1,-111.51
1975/8/1,-111.59
1975/9/1,-111.89
1975/10/1,-112.34
1975/11/1,-112.87
1975/12/1,-113.42
1976/1/1,-113.94
1976/2/1,-114.38
1976/3/1,-114.65
1976/4/1,-114.65
1976/5/1,-114.35
1976/6/1,-113.8
1976/7/1,-113.1
1976/8/1,-112.42
1976/9/1,-111.84
1976/10/1,-111.39
1976/11/1,-111.02
1976/12/1,-110.72
1977/1/1,-110.49
1977/2/1,-110.38
1977/3/1,-110.29
1977/4/1,-110.23
1977/5/1,-110.21
1977/6/1,-110.39
1977/7/1,-110.89
1977/8/1,-111.73
1977/9/1,-112.88
1977/10/1,-114.15
1977/11/1,-115.35
1977/12/1,-116.25
1978/1/1,-116.69
1978/2/1,-116.54
1978/3/1,-115.88
1978/4/1,-114.92
1978/5/1,-113.86
1978/6/1,-112.86
1978/7/1,-111.89
1978/8/1,-111.02
1978/9/1,-110.35
1978/10/1,-110.12
1978/11/1,-110.35
1978/12/1,-110.96
1979/1/1,-111.7
1979/2/1,-112.45
1979/3/1,-113.08
1979/4/1,-113.55
1979/5/1,-113.85
1979/6/1,-114.02
1979/7/1,-114.13
1979/8/1,-114.22
1979/9/1,-114.3
1979/10/1,-114.35
1979/11/1,-114.35
1979/12/1,-114.27
1980/1/1,-114.21
1980/2/1,-114.31
1980/3/1,-114.7
1980/4/1,-115.33
1980/5/1,-116
1980/6/1,-116.45
1980/7/1,-116.62
1980/8/1,-116.6
1980/9/1,-116.7
1980/10/1,-117.02
1980/11/1,-117.44
1980/12/1,-117.66
1981/1/1,-117.5
1981/2/1,-117.01
1981/3/1,-116.38
1981/4/1,-115.72
1981/5/1,-115.07
1981/6/1,-114.43
1981/7/1,-113.83
1981/8/1,-113.33
1981/9/1,-112.98
1981/10/1,-112.82
1981/11/1,-112.84
1981/12/1,-112.93
1982/1/1,-112.96
1982/2/1,-112.84
1982/3/1,-112.55
1982/4/1,-112.16
1982/5/1,-111.77
1982/6/1,-111.51
1982/7/1,-111.55
1982/8/1,-112.09
1982/9/1,-113.15
1982/10/1,-114.57
1982/11/1,-115.99
1982/12/1,-117.16
1983/1/1,-117.93
1983/2/1,-118.41
1983/3/1,-118.76
1983/4/1,-119.05
1983/5/1,-119.22
1983/6/1,-119.13
1983/7/1,-118.74
1983/8/1,-118.11
1983/9/1,-117.38
1983/10/1,-116.69
1983/11/1,-116.12
1983/12/1,-115.71
1984/1/1,-115.48
1984/2/1,-115.39
1984/3/1,-115.35
1984/4/1,-115.27
1984/5/1,-115.06
1984/6/1,-114.73
1984/7/1,-114.31
1984/8/1,-113.9
1984/9/1,-113.5
1984/10/1,-113.13
1984/11/1,-112.76
1984/12/1,-112.49
1985/1/1,-112.4
1985/2/1,-112.59
1985/3/1,-112.94
1985/4/1,-113.32
1985/5/1,-113.55
1985/6/1,-113.63
1985/7/1,-113.64
1985/8/1,-113.78
1985/9/1,-114.07
1985/10/1,-114.42
1985/11/1,-114.62
1985/12/1,-114.47
1986/1/1,-114.01
1986/2/1,-113.43
1986/3/1,-113.12
1986/4/1,-113.35
1986/5/1,-114.21
1986/6/1,-115.5
1986/7/1,-116.91
1986/8/1,-118.08
1986/9/1,-118.71
1986/10/1,-118.66
1986/11/1,-118
1986/12/1,-117
1987/1/1,-115.99
1987/2/1,-115.32
1987/3/1,-115.14
1987/4/1,-115.41
1987/5/1,-115.95
1987/6/1,-116.54
1987/7/1,-117.06
1987/8/1,-117.5
1987/9/1,-117.89
1987/10/1,-118.28
1987/11/1,-118.63
1987/12/1,-118.88
1988/1/1,-119
1988/2/1,-119.01
1988/3/1,-118.98
1988/4/1,-119.04
1988/5/1,-119.24
1988/6/1,-119.62
1988/7/1,-120.14
1988/8/1,-120.76
1988/9/1,-121.43
1988/10/1,-122.11
1988/11/1,-122.74
1988/12/1,-123.2
1989/1/1,-123.42
1989/2/1,-123.41
1989/3/1,-123.28
1989/4/1,-123.24
1989/5/1,-123.48
1989/6/1,-124.12
1989/7/1,-125.11
1989/8/1,-126.24
1989/9/1,-127.28
1989/10/1,-127.98
1989/11/1,-128.22
1989/12/1,-127.91
1990/1/1,-127.24
1990/2/1,-126.44
1990/3/1,-125.85
1990/4/1,-125.75
1990/5/1,-126.4
1990/6/1,-127.74
1990/7/1,-129.5
1990/8/1,-131.19
1990/9/1,-132.5
1990/10/1,-133.22
1990/11/1,-133.36
1990/12/1,-132.99
1991/1/1,-132.4
1991/2/1,-131.85
1991/3/1,-131.58
1991/4/1,-131.55
1991/5/1,-131.65
1991/6/1,-131.71
1991/7/1,-131.69
1991/8/1,-131.55
1991/9/1,-131.3
1991/10/1,-130.97
1991/11/1,-130.67
1991/12/1,-130.45
1992/1/1,-130.35
1992/2/1,-130.26
1992/3/1,-130.04
1992/4/1,-129.59
1992/5/1,-128.9
1992/6/1,-128.06
1992/7/1,-127.21
1992/8/1,-126.52
1992/9/1,-126.19
1992/10/1,-126.38
1992/11/1,-127.1
1992/12/1,-128.3
1993/1/1,-129.73
1993/2/1,-131.17
1993/3/1,-132.35
1993/4/1,-133.14
1993/5/1,-133.51
1993/6/1,-133.53
1993/7/1,-133.27
1993/8/1,-132.8
1993/9/1,-132.21
1993/10/1,-131.62
1993/11/1,-131.16
1993/12/1,-130.94
1994/1/1,-130.98
1994/2/1,-131.26
1994/3/1,-131.63
1994/4/1,-131.96
1994/5/1,-132.2
1994/6/1,-132.46
1994/7/1,-132.94
1994/8/1,-133.77
1994/9/1,-134.85
1994/10/1,-135.95
1994/11/1,-136.77
1994/12/1,-137.14
1995/1/1,-136.99
1995/2/1,-136.39
1995/3/1,-135.5
1995/4/1,-134.52
1995/5/1,-133.67
1995/6/1,-133.07
1995/7/1,-132.71
1995/8/1,-132.49
1995/9/1,-132.25
1995/10/1,-131.9
1995/11/1,-131.37
1995/12/1,-130.63
1996/1/1,-129.65
1996/2/1,-128.41
1996/3/1,-126.97
1996/4/1,-125.55
1996/5/1,-124.5
1996/6/1,-124.16
1996/7/1,-124.57
1996/8/1,-125.51
1996/9/1,-126.55
1996/10/1,-127.44
1996/11/1,-128.08
1996/12/1,-128.64
1997/1/1,-129.24
1997/2/1,-129.94
1997/3/1,-130.58
1997/4/1,-130.97
1997/5/1,-130.98
1997/6/1,-130.62
1997/7/1,-129.94
1997/8/1,-129.04
1997/9/1,-128.04
1997/10/1,-127.04
1997/11/1,-126.11
1997/12/1,-125.23
1998/1/1,-124.42
1998/2/1,-123.77
1998/3/1,-123.49
1998/4/1,-123.78
1998/5/1,-124.78
1998/6/1,-126.56
1998/7/1,-129.03
1998/8/1,-132.02
1998/9/1,-135.25
1998/10/1,-138.58
1998/11/1,-141.91
1998/12/1,-145.17
1999/1/1,-148.22
1999/2/1,-150.82
1999/3/1,-152.74
1999/4/1,-153.93
1999/5/1,-154.52
1999/6/1,-154.64
1999/7/1,-154.22
1999/8/1,-153.01
1999/9/1,-150.92
1999/10/1,-148.13
1999/11/1,-145.05
1999/12/1,-141.95
2000/1/1,-139.03
2000/2/1,-136.32
2000/3/1,-133.87
2000/4/1,-131.74
2000/5/1,-130.17
2000/6/1,-129.42
2000/7/1,-129.98
2000/8/1,-132.19
2000/9/1,-136.38
2000/10/1,-142.44
2000/11/1,-150.38
2000/12/1,-159.96
2001/1/1,-170.77
2001/2/1,-181.22
2001/3/1,-189.9
2001/4/1,-195.56
2001/5/1,-198.54
2001/6/1,-199.82
2001/7/1,-200.85
2001/8/1,-202.62
2001/9/1,-205.58
2001/10/1,-209.59
2001/11/1,-214.07
2001/12/1,-218.07
2002/1/1,-220.93
2002/2/1,-222.19
2002/3/1,-222.04
2002/4/1,-220.68
2002/5/1,-218.6
2002/6/1,-216.09
2002/7/1,-213.62
2002/8/1,-211.61
2002/9/1,-210.37
2002/10/1,-209.8
2002/11/1,-209.25
2002/12/1,-207.61
2003/1/1,-203.77
2003/2/1,-197.37
2003/3/1,-188.85
2003/4/1,-179.34
2003/5/1,-169.81
2003/6/1,-161.2
2003/7/1,-154.03
2003/8/1,-148.56
2003/9/1,-144.99
2003/10/1,-143.76
2003/11/1,-145.84
2003/12/1,-151.53
2004/1/1,-160.69
2004/2/1,-172.03
2004/3/1,-184.3
2004/4/1,-195.82
2004/5/1,-205.57
2004/6/1,-213.07
2004/7/1,-218.56
2004/8/1,-222.6
2004/9/1,-225.72
2004/10/1,-228.37
2004/11/1,-230.85
2004/12/1,-233.39
2005/1/1,-236.09
2005/2/1,-238.88
2005/3/1,-241.65
2005/4/1,-244.25
2005/5/1,-246.69
2005/6/1,-249.17
2005/7/1,-251.71
2005/8/1,-253.94
2005/9/1,-254.53
2005/10/1,-251.88
2005/11/1,-244.79
2005/12/1,-233.11
2006/1/1,-218
2006/2/1,-201.31
2006/3/1,-185.94
2006/4/1,-174.58
2006/5/1,-169.2
2006/6/1,-170.14
2006/7/1,-176.14
2006/8/1,-185.36
2006/9/1,-195.78
2006/10/1,-206.19
2006/11/1,-215.46
2006/12/1,-223.06
2007/1/1,-228.82
2007/2/1,-233.04
2007/3/1,-236.22
2007/4/1,-238.7
2007/5/1,-240.88
2007/6/1,-243.08
2007/7/1,-245.59
2007/8/1,-248.48
2007/9/1,-251.62
2007/10/1,-254.64
2007/11/1,-257.18
2007/12/1,-259.05
2008/1/1,-259.92
2008/2/1,-259.11
2008/3/1,-255.52
2008/4/1,-248.1
2008/5/1,-236.9
2008/6/1,-223.29
2008/7/1,-210.35
2008/8/1,-201.83
2008/9/1,-200.56
2008/10/1,-207.01
2008/11/1,-219.01
2008/12/1,-233.33
2009/1/1,-247.35
2009/2/1,-259.41
2009/3/1,-268.73
2009/4/1,-274.92
2009/5/1,-278.25
2009/6/1,-279.34
2009/7/1,-278.97
2009/8/1,-277.78
2009/9/1,-276.11
2009/10/1,-273.99
2009/11/1,-271.47
2009/12/1,-268.67
2010/1/1,-265.82
2010/2/1,-262.96
2010/3/1,-259.96
2010/4/1,-256.61
2010/5/1,-252.69
2010/6/1,-248.32
2010/7/1,-243.71
2010/8/1,-239.27
2010/9/1,-235.22
2010/10/1,-231.7
2010/11/1,-228.71
2010/12/1,-226.25
2011/1/1,-224.31
2011/2/1,-222.7
2011/3/1,-221.11
2011/4/1,-219.2
2011/5/1,-216.96
2011/6/1,-214.55
2011/7/1,-212.3
2011/8/1,-210.36
2011/9/1,-208.77
2011/10/1,-207.38
2011/11/1,-206.08
2011/12/1,-204.89
2012/1/1,-204.07
2012/2/1,-204.1
2012/3/1,-204.98
2012/4/1,-206.3
2012/5/1,-207
2012/6/1,-206.53
2012/7/1,-204.73
2012/8/1,-202.21
2012/9/1,-199.5
2012/10/1,-197.24
2012/11/1,-195.77
2012/12/1,-195.36
2013/1/1,-196.03
2013/2/1,-197.47
2013/3/1,-199.3
2013/4/1,-200.93
2013/5/1,-201.97
2013/6/1,-202.11
2013/7/1,-201.34
2013/8/1,-199.72
2013/9/1,-197.4
2013/10/1,-194.52
2013/11/1,-191.3
2013/12/1,-187.99
2014/1/1,-184.91
2014/2/1,-182.46
2014/3/1,-180.99
2014/4/1,-180.62
2014/5/1,-181.11
2014/6/1,-181.96
2014/7/1,-182.67
2014/8/1,-182.85
2014/9/1,-182.61
2014/10/1,-182.12
2014/11/1,-181.76
2014/12/1,-181.64
2015/1/1,-181.93
2015/2/1,-182.65
2015/3/1,-183.81
2015/4/1,-185.24
2015/5/1,-186.79
2015/6/1,-188.45
2015/7/1,-190.46
2015/8/1,-193.08
2015/9/1,-196.35
2015/10/1,-200
2015/11/1,-203.55
2015/12/1,-206.45
2016/1/1,-208.15
2016/2/1,-208.54
2016/3/1,-207.94
2016/4/1,-207.28
2016/5/1,-207.4
2016/6/1,-208.83
2016/7/1,-211.48
2016/8/1,-214.84
2016/9/1,-218.41
2016/10/1,-221.72
2016/11/1,-224.51
2016/12/1,-226.65
2017/1/1,-228.32
2017/2/1,-229.9
2017/3/1,-231.76
2017/4/1,-233.98
2017/5/1,-236.33
2017/6/1,-238.47
2017/7/1,-240.25
2017/8/1,-241.77
2017/9/1,-243.2
2017/10/1,-244.66
2017/11/1,-246.03
2017/12/1,-247.09
2018/1/1,-247.45
2018/2/1,-246.92
2018/3/1,-245.45
2018/4/1,-243.39
2018/5/1,-240.99
2018/6/1,-238.38
2018/7/1,-235.52
2018/8/1,-232.52
2018/9/1,-229.57
2018/10/1,-226.84
2018/11/1,-224.42
2018/12/1,-222.24
2019/1/1,-220.2
2019/2/1,-218.18
2019/3/1,-216.47
2019/4/1,-215.46
2019/5/1,-215.83
2019/6/1,-217.65
2019/7/1,-220.62
2019/8/1,-223.79
2019/9/1,-226.35
2019/10/1,-227.83
2019/11/1,-228.15
2019/12/1,-227.53
2020/1/1,-226.23
2020/2/1,-224.6
2020/3/1,-222.96
2020/4/1,-221.65
2020/5/1,-221.05
2020/6/1,-221.33
2020/7/1,-222.33
2020/8/1,-223.52
2020/9/1,-224.3
2020/10/1,-224.37
2020/11/1,-223.89
2020/12/1,-223.32
2021/1/1,-223.15
2021/2/1,-223.58
2021/3/1,-224.52
2021/4/1,-225.68
2021/5/1,-226.73
2021/6/1,-227.53
2021/7/1,-228.09
2021/8/1,-228.51
2021/9/1,-228.7
2021/10/1,-228.57
2021/11/1,-228.12
2021/12/1,-227.7
2022/1/1,-227.69
2022/2/1,-228.12
2022/3/1,-228.7
2022/4/1,-228.83
2022/5/1,-228.16
2022/6/1,-226.46
2022/7/1,-223.86
2022/8/1,-220.69
2022/9/1,-217.41
2022/10/1,-214.61
2022/11/1,-212.66
2022/12/1,-211.7
2023/1/1,-211.53
2023/2/1,-211.47
2023/3/1,-210.53
2023/4/1,-207.69
2023/5/1,-202.37
2023/6/1,-195.04
2023/7/1,-186.37
2023/8/1,-177.45
2023/9/1,-168.72
2023/10/1,-160.85
2023/11/1,-154
2023/12/1,-148.5
2024/1/1,-144.22
2024/2/1,-141.07
2024/3/1,-138.86
2024/4/1,-137.59
2024/5/1,-137.32
2024/6/1,-137.97
2024/7/1,-139.21
2024/8/1,-140.63
2024/9/1,-142.11
2024/10/1,-143.85
2024/11/1,-146.23
2024/12/1,-149.64
2025/1/1,-154.18
2025/2/1,-159.76
2025/3/1,-165.76
2025/4/1,-171.57
2025/5/1,-176.32
2025/6/1,-179.44
2025/7/1,-180.54
2025/8/1,-179.7
2025/9/1,-177.25
2025/10/1,-173.7
2025/11/1,-169.39
2025/12/1,-164.69
2026/1/1,-159.93
2026/2/1,-155.56
2026/3/1,-151.87
2026/4/1,-149.16
2026/5/1,-147.72
2026/6/1,-147.72
2026/7/1,-149.09
2026/8/1,-151.26
2026/9/1,-153.59
2026/10/1,-155.33
2026/11/1,-156.1
2026/12/1,-155.86
2027/1/1,-155.07
2027/2/1,-154.23
2027/3/1,-153.9
2027/4/1,-154.2
2027/5/1,-155.08
2027/6/1,-155.78
2027/7/1,-155.73
2027/8/1,-154.44
2027/9/1,-152.28
2027/10/1,-149.83
2027/11/1,-147.8
2027/12/1,-146.61
2028/1/1,-146.3
2028/2/1,-146.72
2028/3/1,-147.37
2028/4/1,-147.86
2028/5/1,-147.9
2028/6/1,-147.44
2028/7/1,-146.69
2028/8/1,-145.86
2028/9/1,-145.16
2028/10/1,-144.51
2028/11/1,-143.98
2028/12/1,-143.81
2029/1/1,-144.5
2029/2/1,-146.32
2029/3/1,-149.03
2029/4/1,-151.96
2029/5/1,-154.44
2029/6/1,-156.21
2029/7/1,-157.39
2029/8/1,-158.32
2029/9/1,-159.17
2029/10/1,-159.97
2029/11/1,-160.59
2029/12/1,-161.27
2030/1/1,-162.38
2030/2/1,-164.82
2030/3/1,-169.32
2030/4/1,-176.24
2030/5/1,-184.93
2030/6/1,-193.57
2030/7/1,-200.34
2030/8/1,-203.53
2030/9/1,-203.1
2030/10/1,-199.7
2030/11/1,-194.96
2030/12/1,-190.12
2031/1/1,-185.93
2031/2/1,-182.55
2031/3/1,-179.87
2031/4/1,-177.79
2031/5/1,-176.26
2031/6/1,-175.71
2031/7/1,-176.71
2031/8/1,-180.39
2031/9/1,-187.16
2031/10/1,-197.19
2031/11/1,-209.2
2031/12/1,-221.91
2032/1/1,-234.01
2032/2/1,-244.62
2032/3/1,-253.03
2032/4/1,-258.79
2032/5/1,-261.9
2032/6/1,-263.14
2032/7/1,-263.4
2032/8/1,-263.79
2032/9/1,-264.41
2032/10/1,-265.02
2032/11/1,-264.56
2032/12/1,-262.56
2033/1/1,-258.86
2033/2/1,-254.02
2033/3/1,-248.64
2033/4/1,-243.1
2033/5/1,-237.51
2033/6/1,-231.63
2033/7/1,-225.31
2033/8/1,-218.6
2033/9/1,-212.19
2033/10/1,-206.76
2033/11/1,-203.01
2033/12/1,-200.93
2034/1/1,-200.3
2034/2/1,-200.57
2034/3/1,-201.35
2034/4/1,-202.3
2034/5/1,-203.17
2034/6/1,-203.53
2034/7/1,-202.9
2034/8/1,-200.61
2034/9/1,-196.41
2034/10/1,-190.31
2034/11/1,-183.21
2034/12/1,-176.16
2035/1/1,-170.21
2035/2/1,-165.88
2035/3/1,-163.3
2035/4/1,-162.32
2035/5/1,-162.58
2035/6/1,-163.69
2035/7/1,-165.2
2035/8/1,-166.67
2035/9/1,-167.66
2035/10/1,-167.96
2035/11/1,-167.66
2035/12/1,-167.08
2036/1/1,-166.44
2036/2/1,-165.77
2036/3/1,-164.87
2036/4/1,-163.59
2036/5/1,-162
2036/6/1,-160.34
2036/7/1,-158.83
2036/8/1,-157.6
2036/9/1,-156.71
2036/10/1,-156.13
2036/11/1,-155.88
2036/12/1,-155.92
2037/1/1,-156.3
2037/2/1,-156.89
2037/3/1,-157.52
2037/4/1,-157.98
2037/5/1,-158.26
2037/6/1,-158.47
2037/7/1,-158.74
2037/8/1,-159.04
2037/9/1,-159.21
2037/10/1,-159.09
2037/11/1,-158.62
2037/12/1,-157.83
2038/1/1,-156.85
2038/2/1,-155.75
2038/3/1,-154.72
2038/4/1,-153.92
2038/5/1,-153.52
2038/6/1,-153.48
2038/7/1,-153.66
2038/8/1,-153.79
2038/9/1,-153.72
2038/10/1,-153.42
2038/11/1,-152.99
2038/12/1,-152.61
2039/1/1,-152.49
2039/2/1,-152.72
2039/3/1,-153.29
2039/4/1,-154.05
2039/5/1,-154.82
2039/6/1,-155.37
2039/7/1,-155.5
2039/8/1,-155.1
2039/9/1,-154.22
2039/10/1,-153.09
2039/11/1,-151.98
2039/12/1,-151.11
2040/1/1,-150.66
2040/2/1,-150.72
2040/3/1,-151.26
2040/4/1,-152.13
2040/5/1,-153.1
2040/6/1,-153.97
2040/7/1,-154.57
2040/8/1,-154.95
2040/9/1,-155.13
2040/10/1,-155.29
2040/11/1,-155.5
2040/12/1,-155.86
2041/1/1,-156.33
2041/2/1,-156.84
2041/3/1,-157.3
2041/4/1,-157.78
2041/5/1,-158.39
2041/6/1,-159.24
2041/7/1,-160.17
2041/8/1,-160.98
2041/9/1,-161.54
2041/10/1,-161.96
2041/11/1,-162.44
2041/12/1,-163.2
2042/1/1,-164.19
2042/2/1,-165.17
2042/3/1,-165.86
2042/4/1,-166.05
2042/5/1,-165.86
2042/6/1,-165.49
2042/7/1,-165.3
2042/8/1,-165.4
2042/9/1,-165.78
2042/10/1,-166.14
2042/11/1,-166.21
2042/12/1,-165.72
2043/1/1,-164.74
2043/2/1,-163.47
2043/3/1,-162.27
2043/4/1,-161.39
2043/5/1,-160.89
2043/6/1,-160.58
2043/7/1,-160.16
2043/8/1,-159.38
2043/9/1,-158.18
2043/10/1,-156.73
2043/11/1,-155.32
2043/12/1,-154.25
2044/1/1,-153.66
2044/2/1,-153.6
2044/3/1,-153.91
2044/4/1,-154.45
2044/5/1,-155.06
2044/6/1,-155.64
2044/7/1,-156.09
2044/8/1,-156.4
2044/9/1,-156.57
2044/10/1,-156.76
2044/11/1,-157.09
2044/12/1,-157.7
2045/1/1,-158.53
2045/2/1,-159.48
2045/3/1,-160.39
2045/4/1,-161.18
2045/5/1,-161.83
2045/6/1,-162.31
2045/7/1,-162.54
2045/8/1,-162.52
2045/9/1,-162.35
2045/10/1,-162.16
2045/11/1,-162.05
2045/12/1,-162.04
2046/1/1,-162.11
2046/2/1,-162.31
2046/3/1,-162.62
2046/4/1,-163.06
2046/5/1,-163.58
2046/6/1,-164.16
2046/7/1,-164.74
2046/8/1,-165.22
2046/9/1,-165.44
2046/10/1,-165.38
2046/11/1,-165.06
2046/12/1,-164.63
2047/1/1,-164.21
2047/2/1,-163.89
2047/3/1,-163.65
2047/4/1,-163.37
2047/5/1,-162.95
2047/6/1,-162.31
2047/7/1,-161.49
2047/8/1,-160.46
2047/9/1,-159.28
2047/10/1,-158.08
2047/11/1,-157.16
2047/12/1,-156.77
2048/1/1,-157.06
2048/2/1,-157.94
2048/3/1,-159.03
2048/4/1,-159.88
2048/5/1,-159.98
2048/6/1,-159.19
2048/7/1,-157.54
2048/8/1,-155.49
2048/9/1,-153.46
2048/10/1,-151.99
2048/11/1,-151.24
2048/12/1,-151.25
2049/1/1,-151.72
2049/2/1,-152.45
2049/3/1,-153.34
2049/4/1,-154.51
2049/5/1,-155.98
2049/6/1,-157.7
2049/7/1,-159.43
2049/8/1,-160.92
2049/9/1,-162
2049/10/1,-162.65
2049/11/1,-163.09
2049/12/1,-163.69
2050/1/1,-164.68
2050/2/1,-166.13
2050/3/1,-167.81
2050/4/1,-169.41
2050/5/1,-170.52
2050/6/1,-170.78
2050/7/1,-170.04
2050/8/1,-168.55
2050/9/1,-166.85
2050/10/1,-165.57
2050/11/1,-165.01
2050/12/1,-165.15
2051/1/1,-165.62
2051/2/1,-166.04
2051/3/1,-166.22
2051/4/1,-166.18
2051/5/1,-166.15
2051/6/1,-166.2
2051/7/1,-166.38
2051/8/1,-166.52
2051/9/1,-166.54
2051/10/1,-166.42
2051/11/1,-166.25
2051/12/1,-166.08
2052/1/1,-165.83
2052/2/1,-165.36
2052/3/1,-164.55
2052/4/1,-163.47
2052/5/1,-162.42
2052/6/1,-161.74
2052/7/1,-161.76
2052/8/1,-162.6
2052/9/1,-164.22
2052/10/1,-166.25
2052/11/1,-168.27
2052/12/1,-169.92
2053/1/1,-171.18
2053/2/1,-172.27
2053/3/1,-173.4
2053/4/1,-174.61
2053/5/1,-175.8
2053/6/1,-176.81
2053/7/1,-177.58
2053/8/1,-178.06
2053/9/1,-178.24
2053/10/1,-178.11
2053/11/1,-177.76
2053/12/1,-177.38
2054/1/1,-177.15
2054/2/1,-177.22
2054/3/1,-177.57
2054/4/1,-178.16
2054/5/1,-178.93
2054/6/1,-179.87
2054/7/1,-181.01
2054/8/1,-182.38
2054/9/1,-183.87
2054/10/1,-185.29
2054/11/1,-186.43
2054/12/1,-187.15
2055/1/1,-187.39
2055/2/1,-187.18
2055/3/1,-186.68
2055/4/1,-186.13
2055/5/1,-185.78
2055/6/1,-185.68
2055/7/1,-185.61
2055/8/1,-185.34
2055/9/1,-184.64
2055/10/1,-183.7
2055/11/1,-182.71
2055/12/1,-181.97
2056/1/1,-181.45
2056/2/1,-181.2
2056/3/1,-181.22
2056/4/1,-181.67
2056/5/1,-182.63
2056/6/1,-184.05
2056/7/1,-185.67
2056/8/1,-187.19
2056/9/1,-188.22
2056/10/1,-188.47
2056/11/1,-187.71
2056/12/1,-185.88
2057/1/1,-183.17
2057/2/1,-180.08
2057/3/1,-177.12
2057/4/1,-174.62
2057/5/1,-172.65
2057/6/1,-171.15
2057/7/1,-170.17
2057/8/1,-169.69
2057/9/1,-169.58
2057/10/1,-169.44
2057/11/1,-168.98
2057/12/1,-168.19
2058/1/1,-167.46
2058/2/1,-167.29
2058/3/1,-167.88
2058/4/1,-169.16
2058/5/1,-170.78
2058/6/1,-172.53
2058/7/1,-174.17
2058/8/1,-175.52
2058/9/1,-176.38
2058/10/1,-176.75
2058/11/1,-176.85
2058/12/1,-177.01
2059/1/1,-177.34
2059/2/1,-177.81
2059/3/1,-178.23
2059/4/1,-178.58
2059/5/1,-178.88
2059/6/1,-179.25
2059/7/1,-179.7
2059/8/1,-180.21
2059/9/1,-180.59
2059/10/1,-180.53
2059/11/1,-179.77
2059/12/1,-178.31
2060/1/1,-176.51
2060/2/1,-174.81
2060/3/1,-173.62
2060/4/1,-173.21
2060/5/1,-173.7
2060/6/1,-175.09
2060/7/1,-177.09
2060/8/1,-179.3
2060/9/1,-181.21
2060/10/1,-182.55
2060/11/1,-183.2
2060/12/1,-183.3
2061/1/1,-183.02
2061/2/1,-182.52
2061/3/1,-181.87
2061/4/1,-181.16
2061/5/1,-180.48
2061/6/1,-179.93
2061/7/1,-179.63
2061/8/1,-179.69
2061/9/1,-180.12
2061/10/1,-180.76
2061/11/1,-181.36
2061/12/1,-181.72
2062/1/1,-181.87
2062/2/1,-182
2062/3/1,-182.39
2062/4/1,-183.13
2062/5/1,-184.13
2062/6/1,-185.12
2062/7/1,-185.9
2062/8/1,-186.44
2062/9/1,-186.86
2062/10/1,-187.25
2062/11/1,-187.66
2062/12/1,-187.99
2063/1/1,-188.13
2063/2/1,-187.87
2063/3/1,-187.11
2063/4/1,-185.91
2063/5/1,-184.49
2063/6/1,-183.25
2063/7/1,-182.52
2063/8/1,-182.53
2063/9/1,-183.35
2063/10/1,-184.82
2063/11/1,-186.68
2063/12/1,-188.55
2064/1/1,-190.12
2064/2/1,-191.14
2064/3/1,-191.53
2064/4/1,-191.33
2064/5/1,-190.7
2064/6/1,-189.8
2064/7/1,-188.67
2064/8/1,-187.31
2064/9/1,-185.73
2064/10/1,-184.16
2064/11/1,-182.95
2064/12/1,-182.36
2065/1/1,-182.45
2065/2/1,-183.01
2065/3/1,-183.79
2065/4/1,-184.52
2065/5/1,-185.13
2065/6/1,-185.6
2065/7/1,-186.02
2065/8/1,-186.52
2065/9/1,-187.24
2065/10/1,-188.18
2065/11/1,-189.27
2065/12/1,-190.21
2066/1/1,-190.69
2066/2/1,-190.55
2066/3/1,-189.91
2066/4/1,-189.15
2066/5/1,-188.68
2066/6/1,-188.82
2066/7/1,-189.63
2066/8/1,-190.91
2066/9/1,-192.24
2066/10/1,-193.15
2066/11/1,-193.33
2066/12/1,-192.76
2067/1/1,-191.63
2067/2/1,-190.33
2067/3/1,-189.23
2067/4/1,-188.59
2067/5/1,-188.45
2067/6/1,-188.67
2067/7/1,-189.11
2067/8/1,-189.64
2067/9/1,-190.24
2067/10/1,-190.87
2067/11/1,-191.48
2067/12/1,-191.98
2068/1/1,-192.19
2068/2/1,-192.04
2068/3/1,-191.54
2068/4/1,-190.96
2068/5/1,-190.49
2068/6/1,-190.24
2068/7/1,-190.03
2068/8/1,-189.74
2068/9/1,-189.31
2068/10/1,-188.9
2068/11/1,-188.63
2068/12/1,-188.58
2069/1/1,-188.67
2069/2/1,-188.68
2069/3/1,-188.4
2069/4/1,-187.71
2069/5/1,-186.76
2069/6/1,-185.88
2069/7/1,-185.45
2069/8/1,-185.66
2069/9/1,-186.39
2069/10/1,-187.33
2069/11/1,-188.13
2069/12/1,-188.67
2070/1/1,-189
2070/2/1,-189.34
2070/3/1,-189.92
2070/4/1,-190.85
2070/5/1,-192.05
2070/6/1,-193.28
2070/7/1,-194.37
2070/8/1,-195.22
2070/9/1,-195.86
2070/10/1,-196.2
2070/11/1,-196.15
2070/12/1,-195.64
2071/1/1,-194.76
2071/2/1,-193.65
2071/3/1,-192.53
2071/4/1,-191.53
2071/5/1,-190.73
2071/6/1,-190.08
2071/7/1,-189.49
2071/8/1,-188.88
2071/9/1,-188.3
2071/10/1,-187.75
2071/11/1,-187.27
2071/12/1,-186.77
2072/1/1,-186.27
2072/2/1,-185.76
2072/3/1,-185.36
2072/4/1,-184.98
2072/5/1,-184.54
2072/6/1,-183.99
2072/7/1,-183.64
2072/8/1,-183.71
2072/9/1,-184.38
2072/10/1,-185.5
2072/11/1,-186.95
2072/12/1,-188.61
2073/1/1,-190.41
2073/2/1,-192.14
2073/3/1,-193.65
2073/4/1,-194.85
2073/5/1,-195.93
2073/6/1,-196.96
2073/7/1,-197.84
2073/8/1,-198.23
2073/9/1,-197.8
2073/10/1,-196.49
2073/11/1,-194.48
2073/12/1,-192.17
2074/1/1,-189.91
2074/2/1,-187.99
2074/3/1,-186.52
2074/4/1,-185.49
2074/5/1,-184.77
2074/6/1,-184.22
2074/7/1,-183.74
2074/8/1,-183.53
2074/9/1,-183.79
2074/10/1,-184.72
2074/11/1,-186.23
2074/12/1,-188.19
2075/1/1,-190.44
2075/2/1,-192.92
2075/3/1,-195.47
2075/4/1,-197.79
2075/5/1,-199.55
2075/6/1,-200.46
2075/7/1,-200.54
2075/8/1,-200.03
2075/9/1,-199.4
2075/10/1,-198.85
2075/11/1,-198.43
2075/12/1,-197.96
2076/1/1,-197.51
2076/2/1,-197.14
2076/3/1,-196.94
2076/4/1,-196.83
2076/5/1,-196.92
2076/6/1,-197.31
2076/7/1,-198.15
2076/8/1,-199.29
2076/9/1,-200.43
2076/10/1,-201.16
2076/11/1,-201.15
2076/12/1,-200.24
2077/1/1,-198.51
2077/2/1,-196.38
2077/3/1,-194.46
2077/4/1,-193.24
2077/5/1,-192.97
2077/6/1,-193.59
2077/7/1,-194.88
2077/8/1,-196.55
2077/9/1,-198.42
2077/10/1,-200.33
2077/11/1,-202.11
2077/12/1,-203.48
2078/1/1,-204.02
2078/2/1,-203.43
2078/3/1,-201.66
2078/4/1,-199.12
2078/5/1,-196.33
2078/6/1,-193.89
2078/7/1,-192.01
2078/8/1,-190.69
2078/9/1,-189.8
2078/10/1,-189.39
2078/11/1,-189.64
2078/12/1,-190.63
2079/1/1,-192.32
2079/2/1,-194.38
2079/3/1,-196.37
2079/4/1,-197.78
2079/5/1,-198.32
2079/6/1,-198.05
2079/7/1,-197.4
2079/8/1,-196.94
2079/9/1,-197.03
2079/10/1,-197.58
2079/11/1,-198.25
2079/12/1,-198.67
2080/1/1,-198.88
2080/2/1,-199.01
2080/3/1,-199.35
2080/4/1,-199.94
2080/5/1,-200.85
2080/6/1,-201.98
2080/7/1,-203.15
2080/8/1,-204.06
2080/9/1,-204.58
2080/10/1,-204.7
2080/11/1,-204.71
2080/12/1,-204.7
2081/1/1,-204.73
2081/2/1,-204.67
2081/3/1,-204.46
2081/4/1,-204.14
2081/5/1,-203.88
2081/6/1,-203.88
2081/7/1,-204.17
2081/8/1,-204.65
2081/9/1,-205.08
2081/10/1,-205.24
2081/11/1,-204.98
2081/12/1,-204.3
2082/1/1,-203.33
2082/2/1,-202.2
2082/3/1,-201.02
2082/4/1,-199.81
2082/5/1,-198.54
2082/6/1,-197.28
2082/7/1,-196.34
2082/8/1,-196.12
2082/9/1,-196.74
2082/10/1,-197.97
2082/11/1,-199.21
2082/12/1,-200.03
2083/1/1,-200.13
2083/2/1,-199.62
2083/3/1,-198.87
2083/4/1,-198.39
2083/5/1,-198.73
2083/6/1,-200.08
2083/7/1,-202.38
2083/8/1,-205.21
2083/9/1,-208.02
2083/10/1,-210.25
2083/11/1,-211.43
2083/12/1,-211.34
2084/1/1,-210.1
2084/2/1,-208.1
2084/3/1,-205.83
2084/4/1,-203.67
2084/5/1,-201.85
2084/6/1,-200.58
2084/7/1,-200.01
2084/8/1,-200.29
2084/9/1,-201.27
2084/10/1,-202.7
2084/11/1,-204.24
2084/12/1,-205.73
2085/1/1,-207.08
2085/2/1,-208.23
2085/3/1,-209.08
2085/4/1,-209.56
2085/5/1,-209.6
2085/6/1,-208.63
2085/7/1,-206.53
2085/8/1,-203.18
2085/9/1,-200.22
2085/10/1,-198.26
2085/11/1,-198.08
2085/12/1,-198.53
2086/1/1,-199.35
2086/2/1,-200.01
2086/3/1,-200.82
2086/4/1,-201.77
2086/5/1,-202.85
2086/6/1,-203.74
2086/7/1,-204.16
2086/8/1,-203.97
2086/9/1,-203.3
2086/10/1,-202.46
2086/11/1,-201.78
2086/12/1,-201.47
2087/1/1,-201.66
2087/2/1,-202.3
2087/3/1,-203.27
2087/4/1,-204.23
2087/5/1,-204.86
2087/6/1,-205.02
2087/7/1,-204.93
2087/8/1,-204.98
2087/9/1,-205.58
2087/10/1,-206.87
2087/11/1,-208.61
2087/12/1,-210.27
2088/1/1,-211.3
2088/2/1,-211.38
2088/3/1,-210.58
2088/4/1,-209.23
2088/5/1,-207.78
2088/6/1,-206.62
2088/7/1,-205.98
2088/8/1,-205.78
2088/9/1,-205.72
2088/10/1,-205.31
2088/11/1,-204.35
2088/12/1,-202.93
2089/1/1,-201.54
2089/2/1,-200.65
2089/3/1,-200.6
2089/4/1,-201.42
2089/5/1,-203
2089/6/1,-204.97
2089/7/1,-206.93
2089/8/1,-208.54
2089/9/1,-209.71
2089/10/1,-210.61
2089/11/1,-211.4
2089/12/1,-212.06
2090/1/1,-212.33
2090/2/1,-212.18
2090/3/1,-211.76
2090/4/1,-211.5
2090/5/1,-211.67
2090/6/1,-212.33
2090/7/1,-213.27
2090/8/1,-214.25
2090/9/1,-215.22
2090/10/1,-216.15
2090/11/1,-216.97
2090/12/1,-217.35
2091/1/1,-217.09
2091/2/1,-216.07
2091/3/1,-214.7
2091/4/1,-213.4
2091/5/1,-212.66
2091/6/1,-212.58
2091/7/1,-213.02
2091/8/1,-213.66
2091/9/1,-214.26
2091/10/1,-214.72
2091/11/1,-214.98
2091/12/1,-215.01
2092/1/1,-214.71
2092/2/1,-213.98
2092/3/1,-212.82
2092/4/1,-211.3
2092/5/1,-209.66
2092/6/1,-208.06
2092/7/1,-206.68
2092/8/1,-205.51
2092/9/1,-204.51
2092/10/1,-203.46
2092/11/1,-202.07
2092/12/1,-200.02
2093/1/1,-197.37
2093/2/1,-194.41
2093/3/1,-191.66
2093/4/1,-189.32
2093/5/1,-187.41
2093/6/1,-185.8
2093/7/1,-184.59
2093/8/1,-183.98
2093/9/1,-184.15
2093/10/1,-184.99
2093/11/1,-186.21
2093/12/1,-187.36
2094/1/1,-188.08
2094/2/1,-188.15
2094/3/1,-187.62
2094/4/1,-186.72
2094/5/1,-185.78
2094/6/1,-185.11
2094/7/1,-184.98
2094/8/1,-185.47
2094/9/1,-186.48
2094/10/1,-187.7
2094/11/1,-188.76
2094/12/1,-189.29
2095/1/1,-188.96
2095/2/1,-187.68
2095/3/1,-185.54
2095/4/1,-183.08
2095/5/1,-180.94
2095/6/1,-179.78
2095/7/1,-179.81
2095/8/1,-180.84
2095/9/1,-182.31
2095/10/1,-183.71
2095/11/1,-184.83
2095/12/1,-185.84
2096/1/1,-187.02
2096/2/1,-188.49
2096/3/1,-190.1
2096/4/1,-191.51
2096/5/1,-192.41
2096/6/1,-192.66
2096/7/1,-192.4
2096/8/1,-191.86
2096/9/1,-191.17
2096/10/1,-190.31
2096/11/1,-189.21
2096/12/1,-188.05
2097/1/1,-187.2
2097/2/1,-187.01
2097/3/1,-187.62
2097/4/1,-188.76
2097/5/1,-190.09
2097/6/1,-191.23
2097/7/1,-192.08
2097/8/1,-192.67
2097/9/1,-193.15
2097/10/1,-193.7
2097/11/1,-194.43
2097/12/1,-195.26
2098/1/1,-195.98
2098/2/1,-196.31
2098/3/1,-196.14
2098/4/1,-195.49
2098/5/1,-194.69
2098/6/1,-193.95
2098/7/1,-193.49
2098/8/1,-193.33
2098/9/1,-193.51
2098/10/1,-193.85
2098/11/1,-194.16
2098/12/1,-194.21
2099/1/1,-193.93
2099/2/1,-193.37
2099/3/1,-192.62
2099/4/1,-191.83
2099/5/1,-191.21
2099/6/1,-191.07
2099/7/1,-191.59
2099/8/1,-192.72
2099/9/1,-194.05
2099/10/1,-195.16
2099/11/1,-195.69
2099/12/1,-195.62
2100/1/1,-195.11
2100/2/1,-194.47
2100/3/1,-193.81
2100/4/1,-193.05
2100/5/1,-191.9
2100/6/1,-190.29
2100/7/1,-188.42
2100/8/1,-186.71
2100/9/1,-185.48
2100/10/1,-184.91
2100/11/1,-184.92
2100/12/1,-185.29
2101/1/1,-185.74
2101/2/1,-186.07
2101/3/1,-186.16
2101/4/1,-185.89
2101/5/1,-185.27
2101/6/1,-184.5
2101/7/1,-183.96
2101/8/1,-183.98
2101/9/1,-184.67
2101/10/1,-185.85
2101/11/1,-187.24
2101/12/1,-188.53
2102/1/1,-189.57
2102/2/1,-190.29
2102/3/1,-190.74
2102/4/1,-190.96
2102/5/1,-190.93
2102/6/1,-190.59
2102/7/1,-189.97
2102/8/1,-189.17
2102/9/1,-188.41
2102/10/1,-187.91
2102/11/1,-187.79
2102/12/1,-188.07
2103/1/1,-188.65
2103/2/1,-189.31
2103/3/1,-189.72
2103/4/1,-189.51
2103/5/1,-188.46
2103/6/1,-186.79
2103/7/1,-184.99
2103/8/1,-183.74
2103/9/1,-183.26
2103/10/1,-183.46
2103/11/1,-183.93
2103/12/1,-184.41
2104/1/1,-184.72
2104/2/1,-184.86
2104/3/1,-184.82
2104/4/1,-184.68
2104/5/1,-184.57
2104/6/1,-184.72
2104/7/1,-185.23
2104/8/1,-186.16
2104/9/1,-187.42
2104/10/1,-188.92
2104/11/1,-190.59
2104/12/1,-192.42
2105/1/1,-194.34
2105/2/1,-196.21
2105/3/1,-197.75
2105/4/1,-198.7
2105/5/1,-198.82
2105/6/1,-198.07
2105/7/1,-196.65
2105/8/1,-194.88
2105/9/1,-193.17
2105/10/1,-191.73
2105/11/1,-190.58
2105/12/1,-189.48
2106/1/1,-188.3
2106/2/1,-187.06
2106/3/1,-186.02
2106/4/1,-185.42
2106/5/1,-185.4
2106/6/1,-185.87
2106/7/1,-186.6
2106/8/1,-187.27
2106/9/1,-187.64
2106/10/1,-187.6
2106/11/1,-187.34
2106/12/1,-187.22
2107/1/1,-187.62
2107/2/1,-188.66
2107/3/1,-190.16
2107/4/1,-191.67
2107/5/1,-192.7
2107/6/1,-193.03
2107/7/1,-192.72
2107/8/1,-192.11
2107/9/1,-191.56
2107/10/1,-191.3
2107/11/1,-191.37
2107/12/1,-191.66
2108/1/1,-192.02
2108/2/1,-192.38
2108/3/1,-192.81
2108/4/1,-193.42
2108/5/1,-194.15
2108/6/1,-194.87
2108/7/1,-195.42
2108/8/1,-195.83
2108/9/1,-196.15
2108/10/1,-196.43
2108/11/1,-196.64
2108/12/1,-196.77
2109/1/1,-196.76
2109/2/1,-196.6
2109/3/1,-196.32
2109/4/1,-196.09
2109/5/1,-196.05
2109/6/1,-196.18
2109/7/1,-196.21
2109/8/1,-195.74
2109/9/1,-194.58
2109/10/1,-192.79
2109/11/1,-190.84
2109/12/1,-189.16
2110/1/1,-188.15
2110/2/1,-187.86
2110/3/1,-188.16
2110/4/1,-188.72
2110/5/1,-189.26
2110/6/1,-189.55
2110/7/1,-189.51
2110/8/1,-189.11
2110/9/1,-188.45
2110/10/1,-187.72
2110/11/1,-187.22
2110/12/1,-187.11
2111/1/1,-187.38
2111/2/1,-187.88
2111/3/1,-188.53
2111/4/1,-189.35
2111/5/1,-190.29
2111/6/1,-191.18
2111/7/1,-191.73
2111/8/1,-191.82
2111/9/1,-191.53
2111/10/1,-191.18
2111/11/1,-191.01
2111/12/1,-191.15
2112/1/1,-191.59
2112/2/1,-192.19
2112/3/1,-192.7
2112/4/1,-192.94
2112/5/1,-192.84
2112/6/1,-192.65
2112/7/1,-192.55
2112/8/1,-192.63
2112/9/1,-192.74
2112/10/1,-192.74
2112/11/1,-192.62
2112/12/1,-192.39
2113/1/1,-192.05
2113/2/1,-191.42
2113/3/1,-190.44
2113/4/1,-189.25
2113/5/1,-188.32
2113/6/1,-188.17
2113/7/1,-189.05
2113/8/1,-190.84
2113/9/1,-192.9
2113/10/1,-194.61
2113/11/1,-195.44
2113/12/1,-195.29
2114/1/1,-194.39
2114/2/1,-193.15
2114/3/1,-191.98
2114/4/1,-191.18
2114/5/1,-190.97
2114/6/1,-191.46
2114/7/1,-192.54
2114/8/1,-193.9
2114/9/1,-195.09
2114/10/1,-195.85
2114/11/1,-196.25
2114/12/1,-196.54
2115/1/1,-196.97
2115/2/1,-197.63
2115/3/1,-198.49
2115/4/1,-199.37
2115/5/1,-200.1
2115/6/1,-200.51
2115/7/1,-200.51
2115/8/1,-200.09
2115/9/1,-199.24
2115/10/1,-198.06
2115/11/1,-196.73
2115/12/1,-195.51
2116/1/1,-194.62
2116/2/1,-194.04
2116/3/1,-193.61
2116/4/1,-193.12
2116/5/1,-192.58
2116/6/1,-192.21
2116/7/1,-192.28
2116/8/1,-192.91
2116/9/1,-193.89
2116/10/1,-195.02
2116/11/1,-196.05
2116/12/1,-196.85
2117/1/1,-197.26
2117/2/1,-197.12
2117/3/1,-196.36
2117/4/1,-195.2
2117/5/1,-194.04
2117/6/1,-193.33
2117/7/1,-193.19
2117/8/1,-193.4
2117/9/1,-193.56
2117/10/1,-193.25
2117/11/1,-192.43
2117/12/1,-191.27
2118/1/1,-190.22
2118/2/1,-189.53
2118/3/1,-189.36
2118/4/1,-189.66
2118/5/1,-190.4
2118/6/1,-191.5
2118/7/1,-192.87
2118/8/1,-194.36
2118/9/1,-195.83
2118/10/1,-197.01
2118/11/1,-197.59
2118/12/1,-197.34
2119/1/1,-196.3
2119/2/1,-194.79
2119/3/1,-193.14
2119/4/1,-191.73
2119/5/1,-190.67
2119/6/1,-190.04
2119/7/1,-189.74
2119/8/1,-189.69
2119/9/1,-189.81
2119/10/1,-190.16
2119/11/1,-190.76
2119/12/1,-191.59
2120/1/1,-192.47
2120/2/1,-193.27
2120/3/1,-193.88
2120/4/1,-194.35
2120/5/1,-194.8
2120/6/1,-195.23
2120/7/1,-195.45
2120/8/1,-195.13
2120/9/1,-194.07
2120/10/1,-192.39
2120/11/1,-190.45
2120/12/1,-188.65
2121/1/1,-187.22
2121/2/1,-186.31
2121/3/1,-185.98
2121/4/1,-186.26
2121/5/1,-187
2121/6/1,-187.9
2121/7/1,-188.59
2121/8/1,-188.95
2121/9/1,-189.05
2121/10/1,-189.16
2121/11/1,-189.48
2121/12/1,-190.07
2122/1/1,-190.82
2122/2/1,-191.57
2122/3/1,-192.31
2122/4/1,-193.05
2122/5/1,-193.83
2122/6/1,-194.65
2122/7/1,-195.46
2122/8/1,-196.07
2122/9/1,-196.19
2122/10/1,-195.6
2122/11/1,-194.27
2122/12/1,-192.41
2123/1/1,-190.26
2123/2/1,-188.14
2123/3/1,-186.38
2123/4/1,-185.33
2123/5/1,-185.07
2123/6/1,-185.41
2123/7/1,-185.84
2123/8/1,-185.83
2123/9/1,-185.25
2123/10/1,-184.45
2123/11/1,-184.08
2123/12/1,-184.44
2124/1/1,-185.47
2124/2/1,-186.6
2124/3/1,-187.41
2124/4/1,-187.56
2124/5/1,-187.08
2124/6/1,-186.16
2124/7/1,-185.14
2124/8/1,-184.4
2124/9/1,-184.11
2124/10/1,-184.2
2124/11/1,-184.38
2124/12/1,-184.43
2125/1/1,-184.3
2125/2/1,-184.13
2125/3/1,-184.12
2125/4/1,-184.41
2125/5/1,-184.84
2125/6/1,-185.07
2125/7/1,-184.67
2125/8/1,-183.59
2125/9/1,-182
2125/10/1,-180.34
2125/11/1,-178.91
2125/12/1,-177.83
2126/1/1,-177.09
2126/2/1,-176.72
2126/3/1,-176.78
2126/4/1,-177.28
2126/5/1,-178.16
2126/6/1,-179.36
2126/7/1,-180.76
2126/8/1,-182.26
2126/9/1,-183.67
2126/10/1,-184.82
2126/11/1,-185.59
2126/12/1,-185.98
2127/1/1,-186.03
2127/2/1,-185.88
2127/3/1,-185.43
2127/4/1,-184.58
2127/5/1,-183.21
2127/6/1,-181.64
2127/7/1,-180.27
2127/8/1,-179.47
2127/9/1,-179.24
2127/10/1,-179.3
2127/11/1,-179.35
2127/12/1,-179.24
2128/1/1,-179.09
2128/2/1,-178.98
2128/3/1,-178.95
2128/4/1,-179.02
2128/5/1,-179.35
2128/6/1,-180.09
2128/7/1,-181.28
2128/8/1,-182.6
2128/9/1,-183.72
2128/10/1,-184.34
2128/11/1,-184.54
2128/12/1,-184.55
2129/1/1,-184.71
2129/2/1,-185.17
2129/3/1,-185.86
2129/4/1,-186.52
2129/5/1,-186.89
2129/6/1,-186.89
2129/7/1,-186.55
2129/8/1,-185.86
2129/9/1,-184.76
2129/10/1,-183.15
2129/11/1,-181.2
2129/12/1,-179.17
2130/1/1,-177.53
2130/2/1,-176.45
2130/3/1,-175.94
2130/4/1,-175.68
2130/5/1,-175.35
2130/6/1,-174.86
2130/7/1,-174.4
2130/8/1,-174.2
2130/9/1,-174.36
2130/10/1,-174.84
2130/11/1,-175.6
2130/12/1,-176.52
2131/1/1,-177.45
2131/2/1,-178.15
2131/3/1,-178.44
2131/4/1,-178.14
2131/5/1,-177.21
2131/6/1,-175.72
2131/7/1,-173.97
2131/8/1,-172.48
2131/9/1,-171.69
2131/10/1,-171.77
2131/11/1,-172.46
2131/12/1,-173.21
2132/1/1,-173.53
2132/2/1,-173.33
2132/3/1,-172.91
2132/4/1,-172.71
2132/5/1,-173.01
2132/6/1,-173.9
2132/7/1,-175.28
2132/8/1,-176.99
2132/9/1,-178.74
2132/10/1,-180.28
2132/11/1,-181.44
2132/12/1,-182.19
2133/1/1,-182.45
2133/2/1,-182.13
2133/3/1,-181.25
2133/4/1,-180.02
2133/5/1,-178.71
2133/6/1,-177.39
2133/7/1,-176.07
2133/8/1,-174.87
2133/9/1,-174.15
2133/10/1,-174.19
2133/11/1,-175.14
2133/12/1,-176.81
2134/1/1,-178.93
2134/2/1,-181.06
2134/3/1,-182.85
2134/4/1,-184
2134/5/1,-184.43
2134/6/1,-184.13
2134/7/1,-183.21
2134/8/1,-181.85
2134/9/1,-180.44
2134/10/1,-179.46
2134/11/1,-179.21
2134/12/1,-179.73
2135/1/1,-180.68
2135/2/1,-181.6
2135/3/1,-182.05
2135/4/1,-181.95
2135/5/1,-181.52
2135/6/1,-181.22
2135/7/1,-181.36
2135/8/1,-181.91
2135/9/1,-182.6
2135/10/1,-183.01
2135/11/1,-182.97
2135/12/1,-182.4
2136/1/1,-181.44
2136/2/1,-180.16
2136/3/1,-178.74
2136/4/1,-177.26
2136/5/1,-175.88
2136/6/1,-174.75
2136/7/1,-174.13
2136/8/1,-174.19
2136/9/1,-174.83
2136/10/1,-175.75
2136/11/1,-176.45
2136/12/1,-176.71
2137/1/1,-176.67
2137/2/1,-176.75
2137/3/1,-177.3
2137/4/1,-178.29
2137/5/1,-179.43
2137/6/1,-180.32
2137/7/1,-180.59
2137/8/1,-180.12
2137/9/1,-178.9
2137/10/1,-177.17
2137/11/1,-175.19
2137/12/1,-173.23
2138/1/1,-171.5
2138/2/1,-170.23
2138/3/1,-169.62
2138/4/1,-169.78
2138/5/1,-170.7
2138/6/1,-172.2
2138/7/1,-174.06
2138/8/1,-175.98
2138/9/1,-177.74
2138/10/1,-179.2
2138/11/1,-180.28
2138/12/1,-180.99
2139/1/1,-181.38
2139/2/1,-181.41
2139/3/1,-180.94
2139/4/1,-179.87
2139/5/1,-178.44
2139/6/1,-177.15
2139/7/1,-176.62
2139/8/1,-177.04
2139/9/1,-178.05
2139/10/1,-178.88
2139/11/1,-178.86
2139/12/1,-177.84
2140/1/1,-176.17
2140/2/1,-174.41
2140/3/1,-172.95
2140/4/1,-171.96
2140/5/1,-171.44
2140/6/1,-171.37
2140/7/1,-171.74
2140/8/1,-172.5
2140/9/1,-173.52
2140/10/1,-174.48
2140/11/1,-175.1
2140/12/1,-175.21
2141/1/1,-174.93
2141/2/1,-174.53
2141/3/1,-174.28
2141/4/1,-174.3
2141/5/1,-174.59
2141/6/1,-174.98
2141/7/1,-175.18
2141/8/1,-174.78
2141/9/1,-173.55
2141/10/1,-171.58
2141/11/1,-169.21
2141/12/1,-166.96
2142/1/1,-165.17
2142/2/1,-164.09
2142/3/1,-163.75
2142/4/1,-164.16
2142/5/1,-165.29
2142/6/1,-167.1
2142/7/1,-169.44
2142/8/1,-172.08
2142/9/1,-174.79
2142/10/1,-177.32
2142/11/1,-179.29
2142/12/1,-180.27
2143/1/1,-180.11
2143/2/1,-178.99
2143/3/1,-177.47
2143/4/1,-175.99
2143/5/1,-174.86
2143/6/1,-174.06
2143/7/1,-173.5
2143/8/1,-173
2143/9/1,-172.56
2143/10/1,-172.18
2143/11/1,-171.98
2143/12/1,-172.05
2144/1/1,-172.54
2144/2/1,-173.46
2144/3/1,-174.8
2144/4/1,-176.21
2144/5/1,-177.29
2144/6/1,-177.56
2144/7/1,-176.99
2144/8/1,-175.76
2144/9/1,-174.49
2144/10/1,-173.59
2144/11/1,-173.39
2144/12/1,-173.85
2145/1/1,-174.88
2145/2/1,-176.19
2145/3/1,-177.51
2145/4/1,-178.61
2145/5/1,-179.32
2145/6/1,-179.52
2145/7/1,-179.22
2145/8/1,-178.61
2145/9/1,-178.07
2145/10/1,-177.92
2145/11/1,-178.33
2145/12/1,-179.11
2146/1/1,-180.03
2146/2/1,-180.94
2146/3/1,-181.82
2146/4/1,-182.75
2146/5/1,-183.7
2146/6/1,-184.59
2146/7/1,-185.19
2146/8/1,-185.22
2146/9/1,-184.42
2146/10/1,-182.85
2146/11/1,-180.79
2146/12/1,-178.76
2147/1/1,-176.99
2147/2/1,-175.66
2147/3/1,-174.73
2147/4/1,-174.29
2147/5/1,-174.36
2147/6/1,-174.92
2147/7/1,-175.76
2147/8/1,-176.64
2147/9/1,-177.36
2147/10/1,-177.83
2147/11/1,-177.94
2147/12/1,-177.61
2148/1/1,-176.92
2148/2/1,-176.11
2148/3/1,-175.54
2148/4/1,-175.4
2148/5/1,-175.67
2148/6/1,-176.12
2148/7/1,-176.52
2148/8/1,-176.78
2148/9/1,-177
2148/10/1,-177.3
2148/11/1,-177.69
2148/12/1,-178.02
2149/1/1,-178.13
2149/2/1,-178.01
2149/3/1,-177.87
2149/4/1,-177.92
2149/5/1,-178.28
2149/6/1,-178.8
2149/7/1,-179.24
2149/8/1,-179.32
2149/9/1,-178.88
2149/10/1,-177.84
2149/11/1,-176.22
2149/12/1,-174.2
2150/1/1,-172.2
2150/2/1,-170.69
2150/3/1,-169.99
2150/4/1,-170.11
2150/5/1,-170.79
2150/6/1,-171.68
2150/7/1,-172.58
2150/8/1,-173.49
2150/9/1,-174.53
2150/10/1,-175.78
2150/11/1,-177.19
2150/12/1,-178.55
